name,latitude,longitude
捷運科技大樓站,25.02605,121.5436
復興南路二段273號前,25.02565,121.54357
國北教大實小東側門,25.02429,121.54124
和平公園東側,25.02351,121.54282
辛亥復興路口西北側,25.02153,121.54299
復興南路二段280號前,25.02429,121.54328
復興南路二段340巷口,25.02253,121.54326
新生南路三段52號前,25.02112,121.53407
新生南路三段66號前,25.01976,121.53384
新生南路三段82號前,25.01894,121.53361
辛亥路一段30號前,25.01986,121.52982
和平復興路口西北側,25.02543,121.54332
羅斯福路三段311號前,25.01717,121.53202
大安運動中心停車場,25.020348,121.546446
羅斯福路三段245號前,25.01927,121.52989
溫州公園,25.01895,121.53156
和平臥龍街口,25.024461,121.546705
溫州停車場,25.02093,121.5331
銘傳國小側門,25.01385,121.53549
捷運公館站(2號出口),25.01491,121.53438
臺灣科技大學正門,25.01451,121.54142
臺灣科技大學側門,25.01295,121.53973
公館公園,25.01137,121.54062
臺灣科技大學後門,25.01182,121.54165
臺大醫學院附設癌醫中心,25.01426,121.54382
臺大環研大樓,25.01234,121.54503
臺大永齡生醫工程館,25.0136,121.54656
臺大男七舍前,25.01537,121.54698
臺大男一舍前,25.01637,121.54535
臺大男六舍前,25.01664,121.5452
臺大動物醫院前,25.01576,121.54291
臺大土木研究大樓前,25.01787,121.5476
臺大萬才館前,25.02032,121.54497
臺大國青大樓宿舍前,25.02076,121.54432
臺大社科院圖書館前,25.02101,121.54284
臺大法人語言訓練中心前,25.02104,121.54081
臺大綜合體育館停車場前,25.0222,121.53626
辛亥新生路口東南側,25.02218,121.53474
基隆長興路口東側,25.01727,121.54471
國北教大側門南側,25.022864,121.546622
和平實小東北側,25.021641,121.54704
大安區健康服務中心,25.021469,121.544069
辛亥泰順街口,25.02193,121.53165
芳和國中,25.0189,121.55013
臥龍樂業街口,25.01856,121.55558
臥龍公園,25.01623,121.55037
嘉興公園,25.021,121.55211
捷運麟光站(2號出口),25.0181,121.55929
捷運六張犁站,25.02397,121.55266
喬治工商,25.02705,121.55551
法治公園,25.02694,121.55325
捷運臺電大樓站(2號出口),25.02021,121.52942
和平金山路口,25.02669,121.52529
和平龍泉街口,25.02638,121.52971
和平泰順街口,25.02621,121.53171
臺灣師範大學(圖書館),25.0266,121.52973
捷運古亭站(6號出口),25.0276,121.52217
捷運古亭站(5號出口),25.02715,121.52293
臺北市立圖書館(總館),25.02895,121.5379
新生和平路口東北側,25.02657,121.53515
建國和平路口西北側,25.02606,121.53738
金華公園,25.02984,121.53107
捷運東門站(3號出口),25.03383,121.52815
金甌女中,25.03519,121.5245
金杭公園,25.03325,121.52436
愛國金山路口,25.03164,121.52661
敦化南路二段293巷口南側,25.0237,121.54899
敦化基隆路口,25.02215,121.54839
安和路二段181巷口,25.02721,121.54988
臨江街夜市(通化街101巷口),25.02952,121.55406
臨江街夜市(基隆路),25.02931,121.55721
台北科技大學億光大樓,25.04177,121.53833
新生南路一段119巷口,25.04003,121.53299
幸安國小(仁愛路),25.03753,121.53523
民榮公園,25.03534,121.5354
復興南路1段340巷口,25.03701,121.54348
建國濟南路口,25.03935,121.53828
捷運忠孝復興站(2號出口),25.04035,121.5436
捷運大安站(4號出口),25.0332,121.5439
捷運大安站(2號出口),25.03358,121.54141
信義大安路口(信維大樓),25.03317,121.54639
龍門廣場,25.04092,121.54825
仁愛安和路口,25.03754,121.55285
信義敦化路口,25.03333,121.54977
仁愛國中,25.03706,121.55166
捷運信義安和站(2號出口),25.03304,121.55171
八德市場,25.04463,121.53665
昌隆公園,25.04448,121.53946
捷運大安森林公園站(2號出口),25.03332,121.53435
信義延吉街口,25.03318,121.55725
光信公園(光復南路456巷),25.03513,121.5561
僑安地下停車場(2號出口)東南側,25.0391,121.5569
建國南路一段279巷口,25.03635,121.53833
捷運忠孝新生站(6號出口),25.04091,121.53295
捷運忠孝新生站(4號出口),25.04239,121.53324
大安高工,25.03126,121.54339
捷運忠孝新生站(3號出口),25.04189,121.53376
?公公園,25.04201,121.54612
敦化市民路口,25.04405,121.5486
捷運大安森林公園站(5號出口),25.03336,121.5364
信義建國路口,25.0328,121.53746
東豐公園,25.03569,121.5451
德安公園(四維路66巷),25.03473,121.54767
捷運忠孝復興站(5號出口),25.04262,121.54443
捷運忠孝敦化站(2號出口),25.04153,121.5524
捷運忠孝敦化站(7號出口),25.04159,121.54937
瑞安街208巷,25.02979,121.54053
樂利路21巷口,25.0277,121.55132
捷運科技大樓站(台北教育大學),25.02469,121.54459
捷運國父紀念館站(2號出口),25.04122,121.55745
仁愛醫院,25.03756,121.54587
捷運信義安和站(4號出口),25.03305,121.55378
成功國宅,25.02681,121.54668
仁愛延吉街口,25.03748,121.55564
捷運信義安和站(1號出口),25.03331,121.55265
敦化南路二段103巷口,25.0287,121.54904
復興南路二段128巷口,25.02861,121.54336
和平東建國南路口,25.02575,121.5377
芳蘭山莊,25.01223,121.54788
復興南路一段126巷口,25.04311,121.54313
捷運東門站(5號出口),25.03363,121.52962
仁愛路四段48巷口,25.03609,121.54709
捷運公館站(3號出口),25.01551,121.53374
臺北科技大學(電機工程系),25.04196,121.53653
忠孝東路三段217巷口,25.04176,121.54027
新生南路三段94巷口,25.01744,121.53334
辛亥新生路口西北側,25.02267,121.5341
捷運大安站(6號出口),25.03479,121.54376
臥龍街195巷口,25.01783,121.55224
辛亥路三段157巷口,25.01727,121.54904
臥龍基隆路口,25.02039,121.54853
敦親公園,25.02347,121.54108
大安運動中心,25.02054,121.54561
和平敦化路口,25.02444,121.54908
基隆長興路口,25.01705,121.54435
仁愛路四段122巷口,25.03762,121.55009
市民敦化路口,25.04464,121.54944
忠孝東路四段49巷口,25.04172,121.54541
市民復興路口(東南側),25.04472,121.54401
和平新生路口西南側,25.02598,121.53454
全安公園,25.02535,121.55101
信義路三段134巷口,25.03333,121.53968
仁愛敦南圓環(東南側),25.03715,121.54936
臺北遠企購物中心,25.02709,121.54902
外交部外交及國際事務學院,25.0371,121.54839
四維路170巷口,25.02821,121.54864
捷運大安站(3號出口),25.03328,121.5425
捷運臺電大樓站(2號出口),25.02055,121.52855
信義路四段199巷,25.03459,121.55164
臺大資訊大樓,25.02101,121.54153
敦化南路二段81巷,25.03002,121.54893
原臺北刑務所官舍,25.03054,121.52466
捷運國父紀念館站(1號出口),25.04205,121.55657
懷生國中,25.0401,121.54122
仁愛敦南圓環(西北側),25.03827,121.54802
立人國小,25.02974,121.55146
和平東路二段18巷口,25.02268,121.53608
捷運大安站(5號出口),25.03303,121.54372
臨江公園,25.02832,121.55592
羅斯福路四段113巷19弄口,25.01027,121.53998
忠孝東路四段248巷口,25.04132,121.55393
仁愛延吉路口(西北側),25.03795,121.55466
樂利路101巷口,25.02528,121.55224
羅斯福浦城街口,25.02208,121.52678
敦化南路一段295巷口,25.03551,121.54951
通安區民活動中心,25.02942,121.55294
仁愛大安路口(東北側),25.03813,121.54631
延平國宅,25.07894,121.51121
臺北市立圖書館大同分館,25.0741,121.51349
合昌宮,25.07717,121.50934
民族延平路口,25.06864,121.5107
重慶酒泉街口,25.07158,121.51368
樹德公園,25.06647,121.5165
陳天來故居,25.05601,121.50895
臺北孔廟,25.07378,121.51583
捷運圓山站(1號出口),25.07133,121.52024
酒泉延平路口,25.0722,121.51057
重慶國中,25.07567,121.51862
重慶北路三段383巷口,25.07598,121.51409
台北數位產業園區,25.07447,121.52003
民權延平路口(西北側),25.06326,121.51099
民權迪化街口,25.06327,121.50943
大稻埕公園,25.05915,121.51033
大龍老人住宅,25.06853,121.51729
大龍峒社會住宅,25.0708,121.51826
捷運大橋頭站(2號出口),25.06314,121.51308
捷運大橋頭站(1A出口),25.06325,121.51162
捷運民權西路站(2號出口),25.06174,121.51969
捷運雙連站(2號出口),25.05826,121.52063
捷運北門站(3號出口),25.04991,121.5104
朝陽公園,25.05592,121.51367
永樂市場,25.05454,121.51052
大龍公園,25.07049,121.51596
重慶涼州街口,25.06054,121.51338
圓山線形公園,25.06867,121.51993
圓環站,25.05369,121.51418
重慶民族路口,25.06853,121.51359
承德路三段8巷口,25.06407,121.51822
太原廣場,25.04925,121.51468
國順公園,25.06594,121.51078
聯合醫院中興院區,25.05205,121.50818
蔣渭水紀念公園,25.06011,121.51729
迪化休閒運動公園,25.07491,121.5115
大同運動中心,25.06496,121.51608
重慶保安街口(家樂福重慶店),25.05918,121.51373
大稻埕碼頭,25.05662,121.50783
歸綏戲曲公園,25.05805,121.51353
民權國中(民權西路),25.06322,121.5144
承德民權路口,25.06247,121.51839
南京太原路口,25.05366,121.51638
承德民生西路口,25.05756,121.51828
太原五原路口,25.05646,121.51698
臺北轉運站(華陰街),25.04937,121.51914
捷運民權西路站(3號出口),25.06129,121.52021
捷運中山站(5號出口),25.05296,121.51938
重慶長安路口,25.0515,121.51398
承德昌吉街口,25.06587,121.51847
大同16號廣場,25.05658,121.50826
捷運圓山站(2號出口),25.07182,121.51929
樹德公園,25.06669,121.51615
承德鄭州路口(市民高架下),25.04879,121.51626
成淵高中,25.06036,121.51996
雙蓮國小,25.06157,121.51683
寧夏涼州街口,25.06095,121.51428
延平涼州街口,25.06092,121.51126
劍潭抽水站,25.08128,121.51784
通河東街大南路口,25.08914,121.51542
福港街停車場,25.08695,121.51901
百齡國小,25.08521,121.51918
雨聲街165巷口,25.10277,121.53357
天和公園,25.12001,121.53342
中山天母路口,25.11856,121.52964
天母運動公園,25.11633,121.53414
臺北市立大學(天母校區),25.11356,121.53718
忠誠路二段53巷,25.11127,121.53244
天母棒球場,25.11341,121.53195
天母北天玉街口,25.12011,121.52652
蘭興公園,25.11184,121.52589
明勝公園,25.08009,121.51895
劍潭海外青年活動中心,25.07994,121.52426
忠誠路一段173巷口,25.10813,121.5304
雨農國小,25.10543,121.529309
忠誠公園,25.10399,121.52593
芝山抽水站,25.10155,121.52832
至誠路一段305巷口,25.10186,121.53083
華齡公園,25.08302,121.52069
前港公園(福德宮),25.08671,121.52096
華齡街185巷口,25.08828,121.51985
前港公園(前港街),25.0848,121.52125
百齡高中,25.08736,121.52272
捷運芝山站(2號出口),25.10364,121.52219
臺灣戲曲中心,25.10208,121.51979
捷運劍潭站(2號出口),25.08288,121.52455
劍潭基河路口,25.08403,121.5249
志成公園,25.09667,121.53206
福林國小,25.09896,121.53025
中山中正路口,25.09651,121.52753
士林運動中心,25.08911,121.52154
陽明高中,25.09164,121.51706
兒童新樂園,25.09631,121.51449
臺北市立天文館,25.09598,121.51776
福林公園,25.09419,121.52833
捷運士林站(2號出口),25.09343,121.52642
士林高商,25.09435,121.51702
蘭雅公園,25.10991,121.53039
聯合醫院陽明院區,25.10455,121.53195
捷運芝山站(1號出口),25.10225,121.52286
至誠公園,25.10143,121.53585
原住民文化主題公園,25.10113,121.55159
通河東街2段10巷口,25.09106,121.51502
梅林新村,25.09755,121.54036
延平北中正路口,25.08678,121.50948
重慶北路四段190巷口,25.08505,121.51166
重慶北葫東街口,25.08393,121.51169
葫蘆國小,25.08254,121.5075
士林3號廣場,25.10459,121.52417
社正公園,25.08824,121.51054
社子國小,25.09058,121.50142
社中街384巷口,25.09346,121.50376
忠誠路一段138號,25.10641,121.52944
社子公園,25.0902,121.50622
國立故宮博物院,25.09833,121.54788
泰北高中,25.09763,121.53402
後港公園,25.09312,121.51419
重慶北路四段117號,25.08279,121.51219
社子島島頭公園,25.10893,121.46639
延平北路八段133巷口,25.10304,121.48297
坤天亭,25.1064,121.4836
社子島濕地解說小築,25.11314,121.48974
福安國中,25.10261,121.48819
福安消防分隊,25.09669,121.49706
聖山綠地,25.10696,121.53234
芝山國小,25.11044,121.53595
士林新天地,25.08899,121.51751
蘭雅國小,25.10775,121.52312
中正基河路口,25.0933,121.51962
福林公園(中正路),25.09609,121.53006
至善臨溪路口,25.09709,121.54229
市立圖書館葫蘆堵分館,25.08217,121.51074
東山路110巷口,25.11306,121.53945
永平社會住宅,25.08887,121.50314
雨農橋,25.10012,121.53253
通河街76巷/承德路四段10巷口,25.08019,121.5202
芝山聖佑宮,25.10455,121.53025
至誠雨聲街口,25.10199,121.52927
捷運線型公園(後街),25.09812,121.52449
天母公園,25.12408,121.53003
基河文林路口,25.08637,121.5247
文林福華路口,25.10094,121.52243
劍潭海外青年活動中心,25.0796,121.5237
社子國小,25.09029,121.50189
捷運劍潭站(1號出口),25.08577,121.52531
德行東山路口,25.1107,121.53999
重慶北通河西街口,25.08756,121.51177
葫蘆國小(延平北路五段285巷),25.08406,121.5067
社子市場,25.0881,121.50873
士林區農會社子分部,25.08912,121.5049
承德劍潭路口,25.0841,121.52341
文林路101巷口,25.08761,121.52608
延平北路五段257巷15弄口,25.08408,121.50959
延平北路五段257巷4弄口,25.08471,121.5089
啟明學校,25.11742,121.53472
中山福國路口,25.10203,121.52561
德行公園,25.10585,121.52376
承德後港街口,25.08238,121.52309
中山北路五段698巷口,25.09765,121.52757
捷運士林站(1號出口),25.09561,121.52552
捷運芝山站(2號出口),25.10336,121.52263
銘傳大學(中山北路五段280巷口),25.08762,121.52711
海光公園南側,25.08036,121.5084
士商路40巷口,25.09013,121.52054
劍潭郵局,25.08182,121.52431
士東路91巷口,25.11247,121.52914
美崙公園,25.09677,121.51931
臺北市立大學(忠誠路二段207巷),25.11642,121.53743
天母東路8巷/忠誠路二段154巷口,25.11579,121.53113
美崙公園(東北側),25.09886,121.51835
福安河濱公園,25.09646,121.49358
台北花木批發市場,25.00402,121.54074
捷運萬隆站(4號出口),25.0027,121.53861
捷運萬隆站(1號出口),25.00115,121.53916
萬和二號公園,25.00154,121.5364
捷運萬隆站(2號出口),25.00144,121.53983
景仁公園,24.99621,121.54043
捷運景美站(2號出口),24.99366,121.54124
羅斯福景隆街口,24.99898,121.5403
景福街/羅斯福路6段142巷口,24.99812,121.53663
興旺公園,25.00587,121.55012
興福國中,25.00465,121.54916
興隆路2段203巷,25.00346,121.54709
景美運動公園,25.00219,121.54454
景美醫院,24.99136,121.54008
師範大學公館校區,25.00792,121.53731
景華街128巷口,24.99543,121.54725
仙跡岩登山口(景興路),24.99118,121.5436
國立政治大學,24.98737,121.57726
捷運動物園站,24.99873,121.57985
捷運木柵站,24.99798,121.57455
捷運萬芳社區站,24.99886,121.56769
文山運動中心,24.99676,121.5596
捷運辛亥站,25.00467,121.55684
興豐公園,24.99982,121.54761
木柵光輝路口,24.98816,121.55528
考試院,24.98747,121.54984
和興路26巷口,24.98573,121.54532
世新大學,24.98859,121.54336
一壽橋,24.97837,121.55548
臺北市立景美女中,24.98058,121.55624
永安藝文館-表演36房,24.98414,121.56907
忠順區民活動中心,24.98471,121.56332
景文中學,24.98574,121.56745
老泉街籃球場,24.97619,121.5583
文山行政中心,24.98959,121.56959
木柵公園,24.98718,121.56059
興隆公共住宅D2區,24.98814,121.56356
木新路3段95巷口,24.98088,121.56313
樟腳里公園,24.98181,121.56567
實踐國中,24.98301,121.55404
指南路3段2巷,24.98537,121.57959
萊茵公園,24.98642,121.56514
木柵社會住宅,24.98935,121.56651
秀明路一段185巷口,24.99151,121.56836
秀明路一段129巷口,24.99111,121.56703
恆光橋(老泉街),24.97989,121.56753
萬有3號公園,24.99889,121.5433
捷運萬芳醫院站(興隆路三段115巷),24.99939,121.55848
興得閱覽室,24.99579,121.55498
辛亥生態公園,25.00348,121.55642
博嘉運動公園,25.00079,121.57534
國立政治大學(萬壽路),24.98841,121.57649
仙岩公園,24.99797,121.54982
政大一街口,24.98543,121.58006
文山第二行政中心,25.00115,121.55142
移民署訓練中心,24.99271,121.55865
海巡署(南側),24.99472,121.55949
明道國小東南側,24.98695,121.56456
木南公園,24.98662,121.57071
實踐國中(木新路三段310巷口),24.98339,121.55645
師範大學公館校區,25.00753,121.53719
捷運動物園站(2號出口),24.99766,121.57875
政大水岸電梯,24.982,121.5717
敦南山林,25.00264,121.5768
辛亥路五段73巷口,24.99811,121.55307
景美污水抽水站,25.01076,121.53637
萬和三號公園(北側),25.00345,121.53636
景興國中,24.99609,121.54284
景仁公園,24.9966,121.5403
師大公館校區學二舍,25.00825,121.53419
景行公園,24.99279,121.54255
萬興國小,24.98939,121.57682
辛亥路四段77巷口,25.00743,121.55877
景興路42巷口,24.99696,121.54454
木柵路三段48巷,24.98768,121.56565
木柵路二段109巷,24.98944,121.56195
試院公園,24.98808,121.54723
萬美萬安街口,25.00223,121.57039
興隆路二段203巷(敦南),25.00198,121.54856
新光秀明路口,24.99197,121.57371
光輝路134巷口,24.98532,121.55831
光輝公園,24.98655,121.5552
臺北自來水事業處,25.013741,121.53068
汀州思源街口東南側,25.014697,121.531908
捷運公館站(1號出口),25.014529,121.534374
捷運公館站(4號出口),25.015069,121.533828
捷運古亭站(9號出口),25.02694,121.52224
捷運古亭站(2號出口),25.0255,121.52346
捷運臺電大樓站(1號出口),25.0197,121.529
客家文化主題公園,25.02069,121.52456
河堤國小,25.02277,121.52289
紀州庵,25.02092,121.52049
捷運臺電大樓站(5號出口),25.02075,121.52771
捷運臺電大樓站(4號出口),25.02102,121.52751
羅斯福三段金門街口,25.02345,121.52498
牯嶺公園,25.02338,121.51889
捷運古亭站(8號出口),25.02701,121.52164
捷運古亭站(7號出口),25.02805,121.52155
南昌公園,25.02698,121.52081
和平重慶路口,25.02723,121.51659
孫立人將軍官邸,25.02933,121.51854
羅斯福路二段6巷口,25.02923,121.52058
金華杭州南路口,25.031,121.52211
捷運中正紀念堂站(3號出口),25.03239,121.51866
捷運中正紀念堂站(4號出口),25.03376,121.51772
重慶南海路口西南側,25.03124,121.51459
螢橋國小,25.02626,121.51402
古亭智慧圖書館,25.02543,121.51052
永昌公園,25.02643,121.50936
中華路二段409巷口,25.02598,121.50806
南機場夜市(中華路二段),25.02886,121.50518
南海和平路口西南側,25.03024,121.50904
莒光和平路口,25.03132,121.50745
水源路11-1號旁,25.01602,121.52565
南門國中,25.03543,121.50834
捷運小南門站(2號出口),25.03567,121.51006
介壽公園,25.03907,121.5138
中華貴陽街口,25.03938,121.50772
華山文創園區,25.04367,121.52849
捷運善導寺站(1號出口),25.04527,121.5222
濟南紹興路口,25.04193,121.52459
林森仁愛路口,25.03915,121.52163
中正運動中心,25.03786,121.51985
信義杭州路口,25.0357,121.5241
捷運善導寺站(3號出口),25.04428,121.52336
捷運小南門站(1號出口),25.03648,121.50951
延平南路133巷口,25.03792,121.50846
捷運西門站(2號出口),25.0416,121.50842
寶慶博愛路口,25.04129,121.5112
法務部,25.03705,121.51249
臺北市立大學(博愛校區),25.03545,121.51327
國家圖書館,25.03763,121.51709
市民金山路口,25.0459,121.53068
聯合醫院和平院區,25.03516,121.50641
中山堂,25.04412,121.51025
中華漢口街口,25.04533,121.50944
中華路一段21巷口,25.04677,121.50989
捷運臺大醫院站(4號出口),25.04297,121.51643
寶藏巖觀音亭,25.01027,121.5331
師大水源路口,25.0203,121.52302
中山徐州路口,25.04176,121.51866
信義連雲街口,25.03377,121.53041
臺北轉運站,25.04842,121.51994
莒光大埔街口,25.03132,121.50519
捷運忠孝新生站(2號出口),25.04235,121.53222
光華商場,25.04478,121.53274
中山青島路口,25.04503,121.51968
捷運中正紀念堂站(5號出口),25.03526,121.5168
北平東杭州北路口,25.04553,121.52736
王貫英先生紀念圖書館,25.02266,121.52362
金山信義路口,25.03443,121.52721
林森徐州路口,25.04094,121.52215
徐州杭州路口,25.04023,121.52565
捷運中正紀念堂站(6號出口),25.03615,121.5166
捷運臺北車站(M2出口),25.04821,121.51903
臺北市國父史蹟館(逸仙公園),25.04779,121.52042
捷運西門站(5號出口),25.04244,121.50864
弘道國中,25.03828,121.51524
臺北市第一女子高級中學,25.0385,121.51288
台北市替代役中心,25.01808,121.5275
紹興徐州路口,25.04051,121.52401
羅斯福寧波東街口,25.03145,121.51941
自來水園區,25.01328,121.53004
仁愛林森路口,25.03895,121.52233
捷運西門站(3號出口),25.04178,121.50869
仁愛金山路口,25.0384,121.52801
杭州南路一段101巷口,25.03746,121.52799
仁愛杭州路口,25.03846,121.52497
龍興里活動中心,25.02815,121.51108
植物園,25.0299,121.51033
郵政博物館,25.03158,121.51464
林森北平路口,25.04659,121.52377
北平紹興路口,25.04597,121.52579
天津北平路口,25.04692,121.52208
捷運忠孝新生站(1號出口),25.04272,121.53207
捷運忠孝新生站(5號出口),25.04113,121.53273
捷運臺大醫院站(1號出口),25.04074,121.51586
臺大醫院兒童醫院,25.04461,121.5188
林森濟南路口(東北側),25.0425,121.5227
仁愛紹興街口(南側),25.03837,121.52345
中華南海路口,25.02703,121.50686
立法院台北會館,25.03371,121.51068
捷運善導寺站(3號出口)(忠孝東路側),25.04467,121.52357
國家音樂廳,25.03788,121.51904
忠孝西重慶南路口,25.04724,121.51272
濟南路二段8巷口,25.04127,121.52697
仁愛金山路口(東南側),25.03811,121.52855
臺灣文學基地,25.04148,121.5287
重慶南詔安街口,25.02507,121.51645
文光公園,25.03898,121.53058
捷運中正紀念堂站(2號出口),25.03212,121.51861
螢圃里小公園,25.02484,121.51973
螢橋公園,25.02682,121.51737
泉州寧波西街口,25.02965,121.51415
通北街65巷口,25.08251,121.54004
圓山風景區,25.07805,121.5295
樂群二堤頂大道口,25.0803,121.56251
劍潭社區,25.08524,121.53748
培英公園,25.08258,121.54462
樂群二明水路口,25.08009,121.55226
北安大直街口,25.08474,121.54968
捷運劍南路站(2號出口),25.08401,121.55535
樂群二敬業三路口,25.07985,121.55609
樂群二敬業四路口,25.07976,121.55813
捷運大直站(3號出口),25.07923,121.5473
復興市民路口,25.04585,121.54375
南京遼寧街口,25.05176,121.54217
伊通長安路口,25.04833,121.53469
新生長安路口,25.04861,121.52935
市民林森路口,25.04796,121.52439
南京新生路口,25.05194,121.52766
一江公園,25.05316,121.53146
松江公園,25.05025,121.53273
新生長春路口,25.05639,121.52752
第二果菜批發市場,25.06642,121.53735
民生建國路口,25.05778,121.53692
興安華城,25.05606,121.54175
捷運中山國中站,25.06106,121.54406
龍江錦州街口,25.06045,121.54077
建國長春路口,25.05469,121.53686
南京建國路口,25.05214,121.5368
捷運松江南京站(7號出口),25.05246,121.5332
朱崙商場,25.04762,121.54043
中吉公園,25.05604,121.53166
華山公園,25.0471,121.5277
建國北路一段17巷,25.04699,121.53735
江寧公園,25.0614,121.53929
民權龍江路口,25.06225,121.54107
捷運中山國小站(2號出口),25.06246,121.52705
捷運行天宮站(3號出口),25.05992,121.5333
林森農安街口,25.06531,121.52565
捷運中山國小站(4號出口),25.06283,121.52697
農安雙城街口,25.06491,121.52449
新生德惠街口,25.06652,121.52762
民族林森路口,25.06847,121.52559
臺北市立美術館,25.06987,121.52291
中山民族路口,25.06816,121.52265
新生高架停車場(林森北路107巷口),25.04983,121.52853
南京林森路口(東南側),25.05201,121.52556
仁德公園,25.05337,121.5289
中原公園,25.05583,121.52821
下埤公園,25.06682,121.54213
五常國中,25.06505,121.54366
榮星花園,25.06424,121.54037
民權建國路口,25.06251,121.53765
松江路431巷口,25.06585,121.53338
新喜公園,25.06533,121.53177
吉林路407巷口,25.06595,121.53041
民族松江路口,25.06833,121.5328
林安泰古厝,25.07154,121.53058
中山公民會館,25.06185,121.5226
渭水八德路口,25.04573,121.53508
捷運中山站(2號出口),25.05228,121.52176
撫順公園,25.06416,121.52203
新生公園,25.06839,121.53032
捷運行天宮站(1號出口),25.05867,121.53305
林森長春路口,25.05497,121.52536
建國農安街口,25.06503,121.53678
松江路77巷口,25.04985,121.53312
建國長安路口,25.04836,121.53669
市民新生路口,25.04611,121.53193
民權吉林路口,25.06269,121.53061
中山農安街口,25.0651,121.5224
捷運行政大樓,25.05575,121.52168
中吉公園(松江路188巷),25.0568,121.53191
吉林路123巷口,25.05731,121.53021
中原民生路口,25.05808,121.52887
國立臺北大學(臺北校區),25.05794,121.54244
錦州吉林路口,25.06028,121.52991
中山北路二段59巷口,25.05606,121.5229
永盛公園(民生東路一段23巷),25.05873,121.52488
新生錦州街口,25.05955,121.52744
濱江街199巷口,25.0734,121.53985
大佳社區公園,25.07275,121.5373
濱江果菜市場,25.06807,121.53673
興安合江路口,25.05619,121.53949
復興北路514巷口東側,25.06597,121.54117
台泥大樓,25.06142,121.52305
植福樂群路口,25.08303,121.5604
新興公園,25.06157,121.52439
南京伊通街口,25.05189,121.53517
南京龍江路口,25.05205,121.54012
撫順街41巷(崇德宮前),25.06389,121.51916
臺北市立圖書館大直分館,25.08152,121.54646
捷運大直站(1號出口),25.0801,121.54708
捷運松江南京站(4號出口),25.0512,121.53312
中429公園,25.07864,121.55557
長春路137巷口,25.05791,121.53114
松江民生路口,25.05765,121.53299
松江路132巷口,25.05277,121.53013
長春吉林路口,25.05481,121.53032
長春一江街口,25.05488,121.53142
捷運松江南京站(8號出口),25.05215,121.53276
南京一江街口,25.05215,121.53171
松江長春路口,25.05499,121.53295
經國七海文化園區,25.07802,121.53511
民族玉門街口,25.06873,121.52003
新生農安街口,25.06493,121.52778
稻江高級護理家事職業學校,25.06532,121.52848
捷運大直站(3號出口),25.07934,121.54671
樂群二明水路口,25.07983,121.55236
民權吉林路口(南側),25.06245,121.53014
長春龍江路口,25.05473,121.54026
民權新生路口,25.06305,121.52776
建國長春路口(北側),25.05476,121.53693
中山行政中心,25.06432,121.53349
臺北市立美術館,25.07063,121.52327
劍潭社區,25.08476,121.53789
濱江國小游泳池,25.07818,121.56175
林森公園,25.05223,121.52581
中428公園,25.07825,121.55337
復華公園,25.05339,121.5401
新生民族路口(西南側),25.06819,121.52767
捷運南京復興站(1號出口),25.05253,121.54256
八德市場(北側),25.04478,121.53661
龍江朱崙街口,25.05004,121.54043
大直街94巷,25.08431,121.54755
捷運南京復興站(8號出口),25.05196,121.5433
民權建國路口(南側),25.06228,121.53702
林森德惠街口,25.06688,121.5257
新生濱江街口(東南側),25.07059,121.52812
新生北路一段62巷口,25.04699,121.53075
新生長春路口(東北側),25.05532,121.52769
捷運劍南路站(1號出口),25.08519,121.55498
敬業三樂群三路口(西北側),25.08272,121.55624
長春路258巷2弄口,25.05427,121.53896
長寧大廈社區(南側),25.05418,121.54332
建國五常街口,25.06419,121.53732
中山北路二段62巷口,25.05676,121.52268
市民安東街口,25.0448,121.54213
市民大道二段5巷口,25.04812,121.52166
捷運中山站(3號出口),25.05236,121.52212
文湖街21巷118弄口,25.09122,121.55961
北勢湖環保公園,25.08378,121.56208
洲子一號公園,25.07977,121.56454
西康公園,25.08284,121.56449
文湖國小,25.08637,121.56088
文湖街81巷10號西側,25.08707,121.56406
德明財經科技大學,25.08637,121.56574
麗山國小,25.08311,121.57155
麗山高中,25.08398,121.57725
港華五號公園,25.08522,121.57462
大湖國小,25.08803,121.59958
安湖三號公園,25.07021,121.61593
東湖路113巷95弄,25.07177,121.61491
瑞光計程車服務站,25.0745,121.57389
文德三號公園(江南街71巷16弄),25.07524,121.5772
捷運大湖公園站(2號出口),25.08395,121.60185
康寧星雲街口,25.07958,121.59336
星雲街47號,25.07864,121.59177
捷運西湖站(1號出口),25.08301,121.56638
捷運西湖站(2號出口),25.08205,121.56716
洲子二號公園,25.07932,121.56869
港都公園,25.08296,121.5752
環山路二段26巷口,25.08598,121.572
成功金龍路口,25.08436,121.59478
碧山公園,25.0878,121.59227
金瑞公園,25.08785,121.5879
捷運文德站(2號出口),25.07842,121.58464
陽光公園,25.07695,121.58764
文德二號公園(南側),25.07504,121.58375
文德二號公園(北側),25.07758,121.58381
瑞陽公園,25.07777,121.57961
湖光國宅,25.07538,121.58079
潭美街213號,25.05575,121.58486
南京東路六段180號,25.0559,121.57991
潭美國小(南京舊宗路口),25.05768,121.58159
新明路343號,25.05653,121.58345
週美里活動廣場,25.0539,121.58084
內湖行政中心,25.06915,121.58898
樂康公園,25.07007,121.62055
安康路32巷24弄,25.06181,121.59447
明美公園,25.06256,121.58607
南京東路六段368巷,25.05827,121.58707
新明成功路口,25.06058,121.5911
民權瑞光路口,25.06835,121.58323
瑞光公共住宅(瑞光路),25.07335,121.57951
民權東路六段15巷,25.06853,121.57813
扶輪親恩公園,25.06709,121.58002
新湖三民善街口,25.06286,121.57497
內湖119號綠地,25.05594,121.57865
行善公園,25.05301,121.57592
三軍總醫院,25.07151,121.58991
福華商場,25.06877,121.59265
臺北市網球中心,25.0674,121.59749
捷運葫洲站(1號出口),25.07249,121.60796
麗湖國小,25.07332,121.60223
金湖路347巷125弄口,25.0733,121.59834
碧湖公園,25.07988,121.58287
碧湖公園(內湖路二段103巷),25.08317,121.58109
貿七社區,25.08357,121.58534
內湖區農會,25.08165,121.58891
捷運內湖站(2號出口),25.0835,121.59454
康寧金湖路口,25.07896,121.59921
康寧路一段156巷20弄口,25.07792,121.59354
安康公園,25.06657,121.6136
安泰街83巷,25.07669,121.61709
內溝溪生態展示館,25.08722,121.62306
捷運港墘站(2號出口),25.07967,121.57584
東湖國中,25.07334,121.61962
石潭公園(安康路),25.06261,121.59334
內湖垃圾焚化廠,25.06209,121.60347
康寧公園(北側),25.06927,121.61019
康寧路三段54巷口,25.0716,121.60936
行善路25巷口,25.05707,121.57658
新明路460巷口,25.05503,121.57823
下灣公園,25.06516,121.59561
民權東路六段245巷口,25.06708,121.60059
東湖國小,25.06854,121.61532
捷運內湖站(1號出口),25.08373,121.59406
瑞光港墘路口,25.07611,121.57487
瑞湖陽光街口,25.07296,121.57603
金龍公園,25.08554,121.59076
星雲街138巷1弄口,25.07943,121.59544
東湖一號公園,25.07567,121.6118
東湖二號公園,25.07415,121.61075
康湖二號公園(康寧醫院),25.07514,121.60857
堤頂大道新湖一路口,25.05892,121.57354
下灣公園(成功路),25.06682,121.5907
舊宗行善路口,25.05876,121.58062
新湖二路250巷口,25.06455,121.58262
成功路四段41巷口,25.08105,121.59205
金湖星雲街口,25.08151,121.59764
國防醫學院,25.06851,121.59559
民權東路六段190巷117弄口,25.06434,121.59399
內湖運動中心,25.07848,121.57493
九華公園,25.08844,121.56122
內湖路二段179巷口,25.08454,121.584
行善行愛路口,25.0606,121.58286
民善新湖二路口(家樂福內湖店),25.06017,121.57552
統振大樓,25.06007,121.60138
陽光街161巷口,25.07433,121.58584
潭美公園(南京東路六段368巷),25.05928,121.58617
西康二號公園,25.08503,121.5637
三民國中(民權東路六段47巷),25.06935,121.58692
瑞光路76巷口,25.07168,121.58125
捷運東湖站,25.06664,121.61351
新湖國小,25.06874,121.58923
碧山內湖路口,25.08627,121.5914
民權東路六段413巷,25.07038,121.60352
宏匯瑞光廣場(瑞光路),25.07676,121.57433
宏匯瑞光廣場(港墘路),25.07777,121.57562
康樂街151巷,25.07192,121.61955
內湖路一段360巷,25.0812,121.57067
成功路三段83號前,25.07823,121.5898
內湖路一段47巷,25.08781,121.55872
陽光舊宗路口,25.07243,121.57416
安湖公園,25.07392,121.61545
湖興公園,25.06671,121.58913
安泰街(康樂橋下),25.07849,121.61666
康樂綠地,25.07539,121.6203
捷運港墘站(1號出口),25.08004,121.57568
明美公園(行善路333巷),25.06058,121.5866
行善路383巷,25.06365,121.58609
舊宗新湖三路口,25.06321,121.57681
內湖運動公園,25.06766,121.57459
內湖路三段326巷口,25.08968,121.58352
成功公園,25.08416,121.59665
康寧路三段189巷93弄口,25.0735,121.61258
中國醫藥大學附設醫院臺北分院,25.08227,121.5909
康樂抽水站,25.06643,121.61732
環山路三段16巷口,25.08464,121.57945
文德一號綠地,25.0786,121.58302
臺北花市,25.06265,121.57427
行善社會住宅,25.06126,121.58201
康寧路三段99巷17弄口,25.0721,121.60991
堤頂大道二段407巷口,25.08019,121.56316
海德堡科技大樓,25.08156,121.56227
致伸科技大樓,25.08067,121.5656
內湖路一段288巷口,25.08202,121.56861
大都會客運內湖站,25.06749,121.57784
瑞湖公園,25.06888,121.57711
台灣世曦大樓,25.07345,121.57848
遠雄時代總部,25.07821,121.57103
瑞光路358巷口,25.07733,121.5727
大港墘公園(洲子街),25.07897,121.5737
世紀經貿,25.08049,121.57361
民權東路六段56巷口,25.06805,121.58488
新湖三行忠路72巷口,25.06605,121.58206
新湖三新湖二146巷口,25.06407,121.57787
舊宗新湖二路口,25.06151,121.57811
新光基湖大樓,25.08152,121.56489
內湖路一段120巷15弄,25.08203,121.56298
北勢湖環保公園(堤頂大道側),25.08318,121.56154
達爾文大樓,25.07941,121.57277
東湖四號公園,25.07074,121.61803
捷運西湖站(1號出口)內湖路側,25.08227,121.56709
承德路七段304巷口,25.1168,121.5048
洲美運動公園,25.10981,121.49886
榮華二明德路口,25.11357,121.52255
捷運明德站(1號出口),25.10896,121.51936
文林建民路口,25.10788,121.51457
永欣綠地,25.12416,121.52607
關渡宮,25.11739,121.46288
關渡自然公園,25.11884,121.46912
關渡醫院,25.1203,121.4665
捷運忠義站(1號出口),25.13149,121.47365
捷運關渡站(1號出口),25.12397,121.46712
捷運關渡站(2號出口),25.12618,121.46737
中央北路四段540巷口,25.12796,121.46782
大度立德路口,25.1231,121.47092
捷運復興崗站(1號出口),25.1378,121.4863
捷運復興崗站旅客服務中心,25.13666,121.48159
豐年公園,25.13475,121.49613
稻香重三路口,25.13997,121.48967
國防大學政治作戰學院,25.13776,121.49345
秀山區民活動中心,25.14582,121.49303
大業大同街口,25.13691,121.49987
捷運新北投站,25.13733,121.50339
捷運北投站,25.13187,121.499
捷運奇岩站(三合街),25.12634,121.50099
八仙里辦公處,25.12297,121.50158
大業路300巷口,25.12814,121.49782
立農公園,25.11798,121.50342
北投奇岩長青樂活大樓,25.12666,121.50373
捷運唭哩岸站(2號出口),25.12087,121.50523
北投運動中心,25.11666,121.50962
陽明大學,25.11912,121.51223
捷運石牌站(2號出口),25.11451,121.51567
台北護理大學,25.11752,121.51662
捷運石牌站(1號出口),25.11542,121.51469
振興醫院,25.11753,121.52186
石牌國小,25.1144,121.51307
振興公園,25.11865,121.5235
立農國小,25.11978,121.50422
承德路七段280巷口,25.11587,121.50576
致遠一路二段11巷,25.11093,121.51382
榮富公園,25.1137,121.52437
中正高中,25.10467,121.51654
立功立德路口,25.12501,121.47158
中央北路四段30巷口,25.13539,121.478
陽明交大圖書館,25.12081,121.51352
捷運新北投站(2號出口),25.13675,121.50224
復興公園,25.13872,121.5021
承德石牌路口,25.11272,121.50922
承德路七段188巷口,25.11416,121.50771
捷運明德站(3號出口),25.11,121.51841
大豐公園,25.13102,121.50408
洲美公園,25.10032,121.50599
中和街455巷11弄,25.14319,121.49621
洲美蜆仔港公園,25.10065,121.51107
文化三杏林一路口,25.14058,121.49915
珠海復興一路口,25.14045,121.50446
裕民二路33巷,25.11535,121.51736
新奇岩社會住宅,25.12287,121.5037
泉源公園,25.14193,121.50835
奇岩4號綠地,25.12533,121.50573
臺北健康護理大學(教研大樓),25.11857,121.51846
奇岩一號公園,25.12862,121.5033
福星公園,25.1094,121.51248
中庸公園,25.13774,121.50142
豐年公園,25.13597,121.49702
光明溫泉路口,25.13431,121.50226
和信治癌中心醫院,25.12757,121.47207
致遠新村,25.14319,121.49093
北投公園露天溫泉,25.13684,121.50792
中和街493巷9弄口,25.1439,121.49447
捷運北投站(1號出口),25.13258,121.49862
石牌立農街口,25.11879,121.51921
捷運唭哩岸站(1號出口),25.12082,121.50727
大興光明路2巷口,25.13043,121.50017
捷運忠義站(2號出口),25.13076,121.47347
福國承德路口,25.10171,121.51263
捷運北投站(1號出口)(北投路側),25.13201,121.49817
華固創富中心,25.10392,121.51244
崇仰公園(公?路255巷),25.12595,121.51098
北投文化公園(北側),25.13713,121.49706
中和綠地,25.1419,121.4989
大業路65巷口,25.12307,121.49906
公?承德路口,25.11969,121.50169
捷運松山站(4號出口),25.04987,121.57785
塔悠八德路口,25.05009,121.57202
鵬程公園,25.05503,121.56876
中崙高中,25.04878,121.56087
捷運南京三民站(2號出口),25.05136,121.56283
捷運南京三民站(1號出口),25.05155,121.5636
光復北路11巷口,25.04937,121.558
捷運南京三民站(4號出口),25.05152,121.5646
西松高中,25.05492,121.56701
民權復興路口,25.0622,121.54565
民福三號綠地,25.06374,121.54767
民有一號公園,25.06095,121.54731
民生敦化路口,25.05804,121.54897
松基公園,25.0546,121.54486
三民路166巷口,25.0619,121.56328
民生活動中心,25.05907,121.56305
捷運小巨蛋站(2號出口),25.05157,121.55118
臺北市藝文推廣處,25.04826,121.55235
民生國小(敦化北路199巷),25.05633,121.55286
敦北公園,25.06118,121.55098
民權運動公園,25.062,121.56019
新東公園,25.05925,121.56888
民生光復路口,25.05834,121.55496
三民公園,25.06128675,121.566679
八德路三段74巷口,25.04459,121.55252
八德路三段8巷口,25.04488,121.54992
三軍總醫院(松山分院),25.05419,121.55631
平安新城,25.05528,121.559
健康社會住宅,25.05433,121.56545
民權光復路口(東北側),25.06206,121.55475
市民東興路口,25.0484,121.56586
光復南路22巷口,25.04693,121.55771
光復南路58巷,25.04566,121.55656
松山新城,25.05347,121.55436
內政部營建署,25.04769,121.5448
南京光復路口,25.05143,121.55716
民生立體停車場,25.05846,121.55947
健康新城,25.05408,121.56095
健安新城,25.05606,121.56345
復盛公園,25.04763,121.56115
中崙福成宮,25.04524,121.54659
捷運南京復興站(7號出口),25.05278,121.54478
捷運南京復興站(5號出口),25.05168,121.54506
塔悠疏散門,25.0648,121.56788
臺北田徑場,25.04951,121.54941
捷運小巨蛋站(5號出口),25.05176,121.55352
敦化長春路口,25.0536,121.54871
饒河疏散門(基四號疏散門),25.05147,121.57683
捷運松山站(2號出口),25.05013,121.57635
民權東路三段106巷口,25.062,121.54472
南京東路五段59巷口,25.05163,121.55907
三民公園(塔悠路),25.06241,121.56831
寶清公園,25.05198,121.5681
西松公園,25.05406,121.56407
長壽公園,25.05378,121.55893
復源公園,25.04634,121.5542
南京東路四段179巷口,25.05173,121.55609
臺北田徑場(北寧路側),25.04954,121.55261
西松高中(健康路325巷),25.05567,121.56713
南京東興路口,25.05149,121.56535
捷運松山站(3號出口),25.04962,121.57746
介壽國中,25.05722,121.55706
敦化南京路口(東北側),25.05226,121.54926
敦化八德路口,25.04802,121.54864
新東街51巷口,25.0615,121.56332
八德立體停車場,25.04985,121.57189
長春慶城街口,25.05452,121.54636
八德路四段652巷口,25.04942,121.57503
捷運松山站(1號出口),25.05014,121.57692
捷運小巨蛋站(3號出口),25.05152,121.55243
捷運小巨蛋站(5號出口),25.05181,121.5521
敦化北路155巷口,25.0542,121.5491
民生復興路口,25.05764,121.54443
市民延吉街口,25.0444,121.55397
龍城市場,25.05454,121.55417
捷運南京三民站(3號出口),25.05129,121.56426
塔悠基隆路口(麥帥一橋下),25.05139,121.57062
五常街370巷,25.06432,121.54537
南港公園(東新街),25.04591,121.59226
南港公園(福德街),25.04128,121.59089
捷運昆陽站(1號出口),25.05014,121.59238
忠孝東路六段225巷口,25.04919,121.58832
捷運後山埤站(1號出口),25.04437,121.58133
合樂公園,25.04843,121.58154
合心廣場,25.04608,121.58315
成德國中,25.04592,121.5882
玉成公園,25.04281,121.58613
研究院舊莊街口,25.04239,121.61683
中研院綜合體育館東側,25.04054,121.61374
國家生技園區,25.04763,121.61145
捷運南港展覽館站(5號出口),25.05469,121.61669
中研公園,25.04697,121.61375
福山公園,25.04499,121.61775
舊莊區民活動中心,25.04139,121.6191
凌雲市場,25.03564,121.61415
市民大道八段532號,25.054,121.61334
捷運南港軟體園區(2號出口),25.05933,121.61677
南港國小,25.05668,121.61137
興中立體停車場(興中路),25.05629,121.607
臺北市立圖書館南港分館,25.05485,121.60866
東陽公園,25.05716,121.59792
向陽南港路口,25.05437,121.59423
南港車站(忠孝東路七段415巷),25.05252,121.60922
捷運南港站(2號出口),25.05201,121.60741
捷運南港站(1號出口),25.05192,121.60642
東新國小,25.05507,121.6028
中華科技大學,25.03392,121.60985
六福公園,25.04681,121.61703
南港加壓站,25.04805,121.61594
臺北流行音樂中心(南港路),25.05343,121.59945
興南公園,25.05766,121.60396
臺北流行音樂中心(市民大道),25.05211,121.59839
南港車站(市民大道),25.05326,121.60656
忠孝東路七段527巷口,25.05266,121.61275
南港軟體園區(新民街),25.05627,121.61369
世貿公園,25.05831,121.61422
凌雲五村(研究院路三段8巷),25.03595,121.61688
新新公園(昆陽街60巷),25.0521,121.59053
南港高中(昆陽街),25.05285,121.59279
南港路三段290巷口,25.05234,121.58152
南港路三段220巷口,25.05289,121.58599
南港東新街口,25.05168,121.58284
八德中坡路口,25.05064,121.5803
捷運後山埤站(3號出口),25.04511,121.5836
玉成公園運動中心,25.04193,121.58493
百福公園,25.03884,121.58788
南湖大橋(經貿二路255巷),25.06148,121.61384
園區重陽路口,25.05937,121.61072
南港車站B棟(市民大道),25.05293,121.60549
胡適公園,25.04014,121.61766
南港抽水站,25.06164,121.61267
經貿公園,25.06271,121.61597
育成高中,25.05853,121.60983
捷運南港展覽館站(7號出口),25.05436,121.6181
力行橋(南港),25.05172,121.61686
舊莊國小(舊莊街一段),25.03987,121.62015
向陽公園,25.05705,121.59265
小彎社會住宅,25.0582,121.59368
捷運南港展覽館站(6號出口),25.05465,121.6185
捷運南港展覽館站(4號出口),25.05535,121.61838
成德綠地,25.04675,121.58731
南港公園(東新街170巷),25.04134,121.59323
中坡市民路口(東北側),25.04969,121.58028
昆陽公園,25.0483,121.59425
南港路二段178巷口,25.05368,121.59969
南港車站(忠孝東路),25.05225,121.60766
南港車站(興華路),25.05343,121.60633
玉成公園(成福路178巷口),25.04177,121.58735
玉東公園(東新街),25.04998,121.58383
南港出租國宅社區,25.03878,121.59302
成福路197巷口,25.04066,121.58877
南港疏散門(基三號疏散門),25.05543,121.5892
成德立體停車場,25.04557,121.58629
南港展覽館2館,25.05545,121.61646
舊莊派出所,25.03827,121.62274
南港路三段80巷,25.05394,121.59124
捷運昆陽站(4號出口),25.05066,121.59431
忠孝東路六段278巷口,25.04916,121.58906
中研院人文社會科學館,25.04126,121.6118
南港路三段130巷口,25.05457,121.58781
南港路三段190巷口,25.05381,121.58638
忠孝東路六段212巷口,25.0488,121.58742
新富公園,25.05296,121.61713
東新街63巷口,25.04728,121.58605
中興公園,25.04487,121.61481
內湖機廠(港東街),25.058,121.62189
黎忠區民活動中心,25.02035,121.55769
基隆路二段159巷口,25.02561,121.55409
嘉興街175巷口,25.02811,121.55671
和平東路三段631巷口,25.0132,121.56335
和平東路三段530巷口,25.01545,121.56134
景勤二號公園,25.02698,121.55841
臺北醫學大學,25.02668,121.56175
三興公園,25.02868,121.55932
松德站,25.03162,121.57396
捷運象山站(2號出口),25.03222,121.56974
象山公園,25.02863,121.56981
松仁路253巷3弄,25.02678,121.56884
興雅國中,25.03616,121.56983
捷運象山站(1號出口),25.03295,121.56867
松德路200巷,25.03471,121.57301
中全公園,25.0382,121.57495
台北市災害應變中心,25.02868,121.56672
信義運動中心,25.03189,121.56678
捷運台北101/世貿站(3號出口),25.03275,121.56337
景新公園,25.03003,121.56287
光復信義路口東南側,25.03281,121.55756
三張犁,25.03452,121.5576
仁愛路四段496巷口,25.03745,121.5602
松山工農,25.03961,121.57199
松友公園,25.03423,121.57636
林口公園,25.03894,121.57915
松山家商,25.0347,121.58018
永春陂濕地公園,25.03301,121.58096
臺北市政府,25.03801,121.56541
松智松壽路口,25.03607,121.56535
市府松壽路口,25.03627,121.56383
市府松高路口,25.03899,121.56369
市民廣場,25.03599,121.56218
信義廣場(台北101),25.03306,121.5662
捷運台北101/世貿站(5號出口),25.03338,121.56333
春光公園,25.0427,121.58112
松仁路121巷口,25.03476,121.56865
福德國小,25.03846,121.58618
福德公園,25.03841,121.58355
松高路(信義新天地A4館),25.03918,121.56654
興雅松仁路口,25.0401,121.56822
福祥公園,25.04626,121.57045
吳興公車總站,25.02388,121.56984
泰和公園,25.0193,121.57105
興雅國小(基隆路一段37巷),25.04773,121.56895
雅祥公園(松信路50巷口),25.04732,121.57211
松山車站,25.0489,121.57841
五常公園,25.04797,121.57432
永吉松信路口,25.04548,121.57207
三興國小,25.02969,121.55766
市民松信路口,25.04927,121.57205
松山高中,25.0433,121.5638
基隆光復路口,25.03005,121.55764
基隆忠孝路口西南側,25.04108,121.5629
泰和里民活動中心,25.0213,121.57027
捷運後山埤站(2號出口),25.04395,121.58184
虎林永吉路口,25.04519,121.57712
永吉公園,25.04345,121.57539
永吉路321巷口,25.04561,121.57549
松山永吉路口,25.04623,121.57772
松山路292巷口,25.0432,121.57789
捷運象山站(3號出口),25.03295,121.5712
松德公園,25.03657,121.57349
世貿三館,25.03511,121.56369
松德虎林街口,25.0383,121.5762
富台公園,25.04185,121.57204
基隆路一段101巷口,25.04516,121.56702
捷運永春站(2號出口),25.0405,121.57538
吳興街260巷,25.02606,121.5631
松山家商(林口街),25.03593,121.57906
仁愛逸仙路口,25.03771,121.56124
安強公園,25.03693,121.57535
信義基隆路口,25.03321,121.55873
捷運台北101/世貿站(2號出口),25.0327,121.56157
吳興街284巷36弄口,25.02236,121.56268
協和祐德高級中學,25.0426,121.58381
福德國小公車站,25.03929,121.58755
松仁路95巷口,25.03656,121.56866
臺北南山廣場,25.03404,121.56598
景聯廣場,25.03214,121.55974
景平公園,25.02976,121.5642
捷運市政府站(3號出口),25.04084,121.56789
五分埔公園,25.04719,121.58058
松仁路305號,25.02306,121.57036
吳興街394巷口,25.02474,121.56741
忠孝東路五段215巷口,25.0409,121.5705
松勤莊敬路口,25.03203,121.5615
松仁松平路口,25.03047,121.56838
信義松德路口,25.03322,121.57433
捷運市政府站(4號出口),25.04146,121.56731
吳興街284巷(廣安宮),25.02326,121.56329
景勤二號公園(西南側),25.02605,121.5577
克勤新村,25.02589,121.56073
和平東路三段291號,25.02186,121.55532
德昌寶興街口(西北角),25.02365,121.49528
寶興長泰街口(西南角),25.0216,121.49597
萬大路486巷口,25.01975,121.4973
國興中華路口,25.02485,121.50898
古亭國中,25.02442,121.5107
國興水源路口,25.02297,121.50845
青年公園高爾夫球場,25.02481,121.50755
國興青年路口,25.02594,121.50651
青年公園棒球場,25.0241,121.50289
青年公園籃球場,25.02085,121.50539
復華花園新城,25.02964,121.50258
新和國小,25.02582,121.50255
莒光郵局,25.03124,121.50122
莒光立體停車場,25.03116,121.50336
艋舺大道146巷口,25.03301,121.5016
東園國小,25.02257,121.49807
華中疏散門,25.01688,121.49534
錦德公園,25.02332,121.49264
忠德公園,25.02516,121.49604
華江高中,25.02744,121.49619
西園艋舺路口,25.03267,121.49757
雙園國中,25.02673,121.49176
長順區民活動中心,25.03284,121.48908
華江國小,25.03397,121.49029
華江八號公園,25.03388,121.49293
環河南雙園街口,25.03203,121.49127
大理高中,25.03062,121.49021
糖?文化園區,25.03383,121.4946
兩棵樹公園,25.03211,121.49502
萬華青年公宅,25.02021,121.50376
開封西寧路口,25.04662,121.50717
峨嵋停車場,25.04441,121.50541
長沙公園,25.0417,121.49992
貓公園(中興橋頭),25.04367,121.50218
西本願寺廣場,25.04099,121.50769
中華桂林路口,25.03771,121.50662
捷運龍山寺站(1號出口),25.03535,121.49938
龍山國小,25.0355,121.49541
華西公園,25.03852,121.49881
老松國小,25.03792,121.50177
萬華火車站,25.03364,121.50322
萬華火車站(D2廣場),25.03394,121.50117
捷運龍山寺站(3號出口),25.03509,121.50199
臺北市電影主題公園(峨嵋街),25.04445,121.50306
臺北市電影主題公園(康定路),25.04551,121.50318
中華峨嵋街口,25.04345,121.50841
萬華266號綠地,25.0403,121.50197
萬大國小(萬大路344巷口),25.02376,121.49986
德昌街10巷口,25.02533,121.4996
環河南和平西路口,25.03517,121.49048
長順街60巷口,25.03119,121.48858
西園公園,25.0271,121.49775
華江污水廠,25.03606,121.49163
柳鄉公園,25.03731,121.49526
綠堤社區公園,25.03286,121.49301
長順艋舺大道口,25.03035,121.49228
富民路145巷口,25.01796,121.49988
環南綜合市場,25.0286,121.48908
龍山國中,25.03646,121.50492
洛陽停車場,25.04776,121.50612
桂林昆明街口,25.03811,121.50362
萬華國中,25.02926,121.49936
青年公園3號出口,25.02273,121.50271
捷運龍山寺站(1號出口),25.03548,121.50026
莒光社會住宅,25.0317,121.50033
艋舺西藏路口,25.0287,121.49156
萬大路493巷,25.01975,121.4992
雙園國中地下停車場,25.02768,121.49134
青年路152巷口,25.01979,121.5009
臺大水源舍區A棟,25.01493,121.53044
臺大卓越研究大樓,25.01466,121.52917
臺大水源修齊會館,25.01411,121.52997
臺大檔案展示館,25.01391,121.52895
臺大水源舍區B棟,25.01525,121.53009
臺大男八舍東側,25.01729,121.54531
臺大禮賢樓東南側,25.01408,121.53759
臺大農業陳列館北側,25.01839,121.53404
臺大管理學院二館北側,25.01355,121.53673
臺大土木系館,25.01761,121.53844
臺大大一女舍北側,25.01547,121.53436
臺大女九舍西南側,25.01937,121.53902
臺大小福樓東側,25.01846,121.5376
臺大立體機車停車場,25.01616,121.54251
臺大工綜館南側,25.01857,121.54059
臺大天文數學館南側,25.02108,121.53783
臺大心理系館南側,25.01941,121.5404
臺大樂學館東側,25.01793,121.53585
臺大農化新館西側,25.01627,121.53535
臺大五號館西側,25.01666,121.53718
臺大舊體育館西側,25.0198,121.53583
臺大共同教室北側,25.01595,121.53791
臺大共同教室東南側,25.01566,121.53786
臺大鹿鳴堂東側,25.01511,121.53786
臺大公館停車場西北側,25.01345,121.53798
臺大第二行政大樓南側,25.01603,121.53635
臺大明達館機車停車場,25.01754,121.54398
臺大二號館,25.01699,121.53574
臺大凝態館南側,25.02157,121.53633
臺大社科院西側,25.02053,121.54145
臺大社會系館南側,25.01987,121.54175
臺大思亮館東南側,25.02074,121.53906
臺大椰林小舖,25.01561,121.53583
臺大計資中心南側,25.02036,121.53992
臺大原分所北側,25.01881,121.53868
臺大生命科學館西北側,25.01548,121.53825
臺大第一活動中心西南側,25.01761,121.53995
臺大博理館西側,25.01922,121.54195
臺大博雅館西側,25.0189,121.536
臺大森林館北側,25.01704,121.53888
臺大一號館,25.01698,121.53455
臺大小小福西南側,25.01539,121.53686
臺大教研館北側,25.01337,121.53909
臺大四號館東北側,25.01703,121.53781
臺大新生教室南側,25.0196,121.53846
臺大鄭江樓北側,25.019,121.54305
臺大電機二館東南側,25.01857,121.54247
臺大圖資系館北側,25.01804,121.53928
臺大總圖書館西南側,25.0169,121.54031
臺大黑森林西側,25.01995,121.54347
臺大獸醫館南側,25.01791,121.54242
臺大新體育館東南側,25.02112,121.53591
臺大明達館北側(員工宿舍),25.01816,121.54469
汐止火車站,25.068914,121.662748
汐科火車站(北),25.064106,121.653019
興華公園,25.060125,121.483101
三重國民運動中心,25.054391,121.488489
捷運三重站(3號出口),25.055883,121.484739
後港公園,25.025358,121.428348
福營行政中心,25.024125,121.42387
西盛公園,25.017113,121.428048
仁愛廣場,25.090565,121.471621
重陽國小,25.066245,121.484337
明志國中,25.063396,121.488982
三重商工,25.068681,121.480705
捷運新莊站(1號出口),25.036152,121.452069
秀山國小,24.996151,121.521988
捷運永安市場站,25.001013,121.511588
仁愛公園,25.009838,121.505825
中和公園,25.000726,121.51435
重陽公園,25.085688,121.483618
中原公園,25.083316,121.463894
丹鳳派出所,25.027694,121.414662
新莊棒球場,25.041603,121.446053
頂溪國小,25.015811,121.511261
永和國小,25.002272,121.517442
秀朗國小,24.999392,121.522843
捷運頂溪站(1號出口),25.012176,121.515271
保安永平路口,25.012691,121.506471
新莊文化藝術中心,25.04715,121.444453
中華中原路口,25.054232,121.451752
福壽公園,25.051829,121.457746
永平高中,25.00979,121.509092
汐止區綜合運動場,25.066238,121.659067
保順環河西路口,25.010786,121.503376
開元市民活動中心,25.066074,121.503557
二重國小,25.065976,121.477656
二重國中,25.065957,121.480465
三重行政中心,25.060566,121.488229
新北市立圖書館三重分館,25.066099,121.495529
三張公園,25.070507,121.490935
捷運丹鳳站(1號出口),25.029032,121.422799
永福橋,25.010032,121.524184
中港國小,25.045673,121.4478
六合公園,25.069499,121.487588
黃城公園,25.052382,121.448239
捷運菜寮站(3號出口),25.060471,121.492198
捷運三和國中站(1號出口),25.075881,121.487795
四維公園,25.021308,121.422185
蘆洲國民運動中心,25.091945,121.461613
和平公園,25.070884,121.485712
三重綜合體育館,25.061446,121.491926
信義公園,25.064804,121.498749
秀得里(成功路二段),25.000705,121.526729
永康公園,25.08492,121.45821
頭前運動公園,25.05218,121.462124
頭前國中,25.054464,121.459318
聯邦公園,25.064447,121.48371
捷運蘆洲站,25.091637,121.464031
集成成功路口,25.051542,121.488208
板橋國民運動中心,25.022235,121.458152
永安公園,25.024478,121.477572
捷運江子翠站(3號出口),25.029729,121.472359
音樂公園,25.028631,121.48046
捷運新埔站(2號出口),25.022095,121.467598
聯合醫院板橋院區,25.023832,121.457773
捷運板橋站(3號出口),25.014797,121.462051
民生公園,25.013087,121.475894
捷運板橋站(1號出口),25.013174,121.4619
板橋地政事務所,25.007983,121.463387
板橋戶政事務所,25.012839,121.456308
板橋和平公園,24.997679,121.464326
碧華公園,25.083741,121.487491
同安公園,25.05732,121.499067
中華里(中華路二段),25.045951,121.453766
中華自治街口,25.047855,121.453202
捷運亞東醫院站(2號出口),24.99783,121.452315
新泰公園,25.0372,121.444946
上林里(環河東路一段),25.014999,121.520951
進安公園,25.086031,121.493774
自強溪尾街口,25.07822,121.490157
捷運三重國小站,25.070418,121.497126
五堵火車站,25.077493,121.666869
捷運南勢角站(4號出口),24.98942,121.50995
新北市立圖書館總館,25.001583,121.455524
永福國小,25.077714,121.480315
明志國小,25.045729,121.426269
蘆洲三民公園,25.094306,121.460134
臺北醫院,25.043536,121.459772
重新重安街口,25.058443,121.489751
思賢國小,25.046446,121.457716
莊敬公園,25.020983,121.470821
豐年國小,25.031278,121.44323
捷運新埔站(4號出口),25.023491,121.468559
板橋仁愛公園,24.99643,121.459696
泰山國小,25.062345,121.431475
縣民民族路口,25.010012,121.461097
廣福公園,24.991643,121.462872
板橋四維公園,25.025464,121.462633
捷運頂埔站(2號出口),24.959276,121.419008
龍門龍濱路口,25.073475,121.500977
金城忠義路口,24.969399,121.440808
華德公園,24.991683,121.45332
中山國中,25.018559,121.467509
捷運土城站(2號出口),24.972631,121.443563
四川遠東路口,24.998003,121.457355
員林社區公園,24.977883,121.443237
中正橋,25.017757,121.516809
錦和高中,24.99351,121.49076
新樹公園,25.003383,121.433154
中和環球購物中心,25.006367,121.474223
厚德公園,25.071988,121.4912
板橋信義公園,24.996183,121.456476
民生長江路口,25.030904,121.463596
華福市民活動中心,24.995482,121.467525
浮洲合宜住宅(合安一路),24.999329,121.446343
建福公園,25.027694,121.426685
水河里活動中心,25.093949,121.473913
國光公園,25.019828,121.453852
樹林火車站(後站),24.992553,121.424652
文林國小,24.997856,121.42636
土城綜合體育場,24.983671,121.454211
板橋福德公園,25.011498,121.467415
光華公園,25.005412,121.413157
樹林大安活動中心,24.986391,121.41477
三民中山一路口,25.082229,121.476004
義學國小,25.051762,121.431669
自然公園,25.08984,121.487987
板林溪北路口,24.990555,121.42635
新北市藝文中心,25.026542,121.472279
中和地政事務所,24.990393,121.502397
華夏科技大學,24.980672,121.507652
同興公園,25.055188,121.432128
溪洲公園停車場,24.986723,121.42682
崑崙公園,24.993406,121.429636
捷運海山站(3號出口),24.986923,121.449335
興化公園,25.065234,121.461115
西盛館,25.011905,121.432713
秀朗成功路口,24.995821,121.52655
永豐公園活動中心,25.021127,121.476853
義仁市民活動中心,25.050479,121.427667
鶯歌國中,24.951734,121.342963
捷運迴龍站(3號出口),25.02276,121.413053
捷運先嗇宮站(2號出口),25.046068,121.470987
鶯歌火車站(仁愛路),24.955591,121.354376
立泰里(中環路二段),25.045676,121.442133
文化館前路口,24.949549,121.352832
浮洲合宜住宅(樂群路),24.9969909,121.4465092
尖山公園,24.94822,121.345767
樹林區衛生所,24.983768,121.415032
溪墘公園,25.079969,121.476205
育德國小,24.970656,121.392602
彭福國小,24.980335,121.423104
民享藝文特區,25.003435,121.475345
億光電子(樹林高中),24.983567,121.423601
捷運永寧站(2號出口),24.965783,121.436227
新北市立圖書館鶯歌分館 ,24.957195,121.349704
德音國小,25.071515,121.43567
金城立體停車場,24.984102,121.458595
先嗇宮,25.05119,121.476007
板橋第一運動場,25.009061,121.468352
光興國小,25.060339,121.500103
景安板南路口,24.992249,121.504443
新月橋,25.0323,121.450011
修德國小,25.065295,121.49045
福祥里(中和溝),25.005933,121.499565
鴨母港抽水站,25.082935,121.456728
捷運淡水站,25.168826,121.444183
龍門公園,25.074815,121.498484
永安圖書館,25.078599,121.462228
西盛廣場,25.000894,121.431485
三峽區公所(三峽老街),24.934187,121.369158
仁愛文化二路口,25.077118,121.374258
崑崙活力廣場,24.993901,121.43288
永盛公園,25.076133,121.484304
鷺江廣場,25.085621,121.477694
六張公園,25.069661,121.494048
中山佳林路口,25.079592,121.385587
國立臺北大學(三峽校區),24.945553,121.37326
林口區公所,25.076742,121.388181
新麗園社區,25.070428,121.376882
中正富國路口,25.02594,121.417694
大同國小,24.981146,121.416844
新北市立圖書館五股成功分館,25.094784,121.446741
民德立體停車場,24.999098,121.468345
麗林公有市場,25.069123,121.367761
南樹林火車站,24.980236,121.408605
新北市立鶯歌高級工商職業學校,24.939095,121.334639
行政院新莊聯合辦公大樓,25.055969,121.444423
柑園五里聯合活動中心,24.950576,121.386183
中和自強公園,24.999132,121.472513
富貴森林公園,25.083156,121.378464
林口自強公園,25.078126,121.397208
永昌里兒一公園,24.956661,121.339645
捷運林口站(1號出口),25.06597,121.361962
南興公園,25.059779,121.652549
立言公園,25.073427,121.36234
溪北公園,24.99006,121.432281
頂新祖田市民活動中心,24.95271,121.411768
貴和市民活動中心,25.034961,121.421928
頂埔國小,24.956343,121.414421
三峽區礁溪行政中心,24.928438,121.375921
林口國小,25.080533,121.389307
南勢市民活動中心,25.074035,121.358924
青山廣場,24.977837,121.459751
林口社區運動公園,25.07415,121.377001
捷運新莊站(2號出口),25.036075,121.452792
俊英俊保路口,25.00915,121.425183
五股國民運動中心,25.095553,121.448652
學成大義路口,24.945099,121.378671
捷運頭前庄站(1號出口),25.039365,121.460856
成德公園,25.105052,121.452963
頭湖國小,25.081673,121.372687
金城立德路口,24.986691,121.465481
恩主公醫院,24.938912,121.363553
中和區公所,24.998558,121.500533
三重永豐公園,25.074629,121.478162
臺灣藝術大學,25.007502,121.448
新莊體育館,25.040766,121.452459
永和耕莘醫院,25.011232,121.517701
三多國小,25.016405,121.407135
永安兒童公園,25.082273,121.482236
扶輪公園,25.072864,121.36948
安邦公園,24.996867,121.496647
立德公園,25.076441,121.367223
清水高中,24.982756,121.465444
板橋車站,25.015519,121.463735
樹林國民運動中心,25.004186,121.422847
捷運輔大站(4號出口),25.033025,121.436484
民安東民全街口,25.020774,121.429556
中興北街175巷口,25.05597,121.471327
五股工商立體停車場,25.082494,121.439555
沛陂社區公園,24.963289,121.419672
龍鳳公園,25.021447,121.416497
伊吉邦社區,25.030186,121.413402
三多第1市民活動中心,25.016361,121.404257
新北高工,24.98277,121.4499
長風社區,24.978108,121.439369
永和國民運動中心,25.003555,121.524246
民樂人行廣場,25.001834,121.482594
民生親子公園,24.992983,121.428196
樹林工業區,25.000868,121.416091
龍埔公園,24.938911,121.373676
尖山國中,24.9443,121.342089
浮洲火車站,25.004098,121.444447
捷運海山站(1號出口),24.984695,121.448504
德光國光街口,25.003136,121.468087
永和國父紀念館,25.00839,121.520234
台北得意GO,25.074424,121.467852
大觀國中,25.01121,121.447237
太陽公園,25.086448,121.485599
三重五常公園,25.080648,121.496149
三德公園,25.074974,121.500542
力行大勇街口,25.071928,121.481508
蘆洲延平派出所,25.08162,121.46162
永安南路九芎街71巷口,25.077564,121.466071
福和宮,25.00111,121.501991
飛駝社區(興南路),24.983471,121.504826
保平路214巷,25.00701,121.509208
汐科火車站(南),25.06276,121.6469
樹林國小,24.989136,121.41791
永吉國小,24.958747,121.333095
中園國小,24.927551,121.366919
介壽國小,24.930341,121.378835
安溪國中,24.92679,121.371957
龍埔國小,24.941224,121.376763
大安路與中山路二段口,24.983043,121.411318
樹林區公所,24.98976,121.42478
蘆洲重陽大樓,25.085055,121.481887
埔墘國小,25.019078,121.473724
圓通錦和路口,24.989236,121.491482
下庄市場,25.146498,121.399748
亞洲員安路口,24.972621,121.434796
大安路307巷口,24.992158,121.417726
味王街,24.974674,121.404424
福基公園,25.0581,121.460892
振義里公園,25.023888,121.483965
安溪國小,24.930621,121.372344
中和安和路口,24.999667,121.506022
元氣大鎮社區,25.005718,121.478997
員勝公園,25.010284,121.478686
永和自由街,25.0052,121.513339
安樂宜安路口,24.995273,121.513506
昌隆國小,25.052129,121.454891
捷運新莊副都心站,25.059145,121.446614
江翠國中,25.027987,121.468512
捷運新北產業園區站,25.062029,121.459184
捷運泰山貴和站,25.033192,121.422215
龍形停車場,25.13041,121.451302
三井Outlet,25.071574,121.366303
中正北路193巷(愛買三重店),25.071362,121.475985
翔譽雙子星,25.053638,121.492924
明志科技大學,25.040434,121.422548
三民高中(民權路),25.088024,121.473928
環河福德南路口,25.060285,121.502173
文林國小(潭興街),24.998601,121.424892
東陽市民活動中心,24.982192,121.412517
遠雄左岸,25.00985,121.487799
中正路161巷口,24.992938,121.499333
光復國小,25.015064,121.48193
立德青雲路口,24.988355,121.460675
新北市林口行政園區,25.070158,121.363632
工建樟樹一路口,25.063062,121.641033
中和青年社會住宅,24.991135,121.519329
蘆洲李宅古蹟,25.084959,121.466551
新莊勞工中心,25.020332,121.433736
名利橋,25.00785,121.500986
福和國中停車場,25.005011,121.522665
捷運中原站,25.007307,121.485051
福美公園,25.055033,121.461081
民視數位媒體總部,25.079876,121.379259
五股郵局,25.101774,121.451127
國泰街111巷口,25.006321,121.465773
湳雅觀光夜市(津渡橋),25.007585,121.45244
學成公園,24.988246,121.451187
鳳祥公園,24.962819,121.330254
光明市場,25.057335,121.491809
福和橋,25.004536,121.52785
土城國中,24.962443,121.430347
中華中央路一段242巷口,24.98551,121.44345
公五公園,25.08658,121.44452
樹林大安站,24.997312,121.421725
廣停二停車場,25.075711,121.370261
民義公園,25.08835,121.4345
大崙公園,25.076613,121.359704
成州國小,25.09923,121.45063
中興北街42巷17弄,25.05006,121.46892
華江一華江九路口,25.032884,121.466442
三光國小(金滿意),25.05596,121.496874
蘆洲中路公園,25.082299,121.468143
林口高中,25.07384,121.3803
雙和橋,25.005731,121.505743
海山高中,25.009108,121.471493
環河西路一段95巷口,25.01783,121.511957
碧河宮,24.996726,121.493134
萬板文聖街口,25.026295,121.479675
明德高中,24.907449,121.364848
鳳鳴國小,24.969198,121.334806
林本源園邸,25.01086,121.45598
藍天大樓,25.053098,121.470165
大智公園,25.063608,121.494449
國際二國際一路口,24.976171,121.334938
三重高中,25.054777,121.49171
昌平公園,25.058664,121.458109
新北市客家文化園區,24.941729,121.359538
福和路7巷口,25.00854,121.524732
新泰游泳池,25.045414,121.442734
森林公園,24.948177,121.37976
馥華公園,25.006117,121.445449
光復高中,25.017443,121.482513
南雅育智路口,24.953961,121.345824
穀保家商,25.068097,121.471028
文德國小(公館街),25.021336,121.459595
學成大成路口,24.946248,121.382719
石雕公園,25.030261,121.469469
新北市藝文中心(文化路二段124巷),25.025626,121.471401
四維公園地下停車場,25.025618,121.463967
廣福派出所,24.988019,121.456247
大眾廟,25.03738,121.45766
化成公園,25.04786,121.461962
龍恩公園,24.941359,121.370524
新北市工商展覽中心,25.064345,121.447585
金城裕民路口(中正國中),24.982933,121.456229
海洋公園,24.94749,121.376895
浮洲合宜住宅(合宜一路),24.99652,121.44276
臺北大學(資訊中心),24.94317,121.36952
捷運府中站(1號出口),25.00818,121.45901
新莊田徑場,25.04357,121.45244
新泰國中,25.04288,121.44426
山佳火車站,24.97222,121.39264
新北市勞工活動中心,25.06149,121.45098
板橋重慶公園,25.00008,121.46316
山北公園,25.00653,121.50014
捷運景平站,24.99202,121.51563
中港大排願景館,25.05894,121.45117
頭前國小,25.05248,121.46527
忠孝活動中心,25.01677,121.51528
縣民漢生東路口,25.0156,121.46709
時光公園,25.03615,121.47973
積穗國中,24.99977,121.47808
員和公園,24.97904,121.44254
環河公園,25.01666,121.45064
新莊國民運動中心,25.03961,121.44962
三鶯國民運動中心停車場,24.93614,121.36941
彩虹兒童公園,25.08871,121.4646
崇林國中,25.06754,121.37134
碧華公園(集勇街),25.08415,121.48554
大觀路二段19巷,25.00256,121.45079
成泰路一段(中油),25.07843,121.43565
清和里(青雲路),24.97512,121.45874
四川忠孝路口,25.00149,121.45924
陸光國宅,25.08881,121.43079
中山新興街口,24.97499,121.40023
信義公園市民活動中心,24.9917,121.4575
文中小停車場,25.05899,121.48255
御史路1巷,25.09044,121.44192
民生中山路口,25.01606,121.47346
重慶國小,24.99373,121.46253
鶯歌國民運動中心,24.95134,121.35775
南雅公園,25.00387,121.45516
捷運新埔站(1號出口),25.0235,121.46745
中原東街(左岸牡丹園),25.0129,121.48592
土城仁愛社區公園,24.98039,121.46062
大崁國小,25.16064,121.41938
東海高中,25.06484,121.47942
中山1號科技總部,24.96045,121.41212
仁愛街70巷口,25.09398,121.47126
健華新城社區,25.01927,121.4653
全球傳動科技公司,25.00801,121.41481
興南路二段34巷口,24.98539,121.50701
復興民生街口,24.93701,121.37324
環河西大漢街口,25.03183,121.4612
十三行博物館,25.15697,121.40588
莒光國小,25.02565,121.47465
林口郵局,25.06667,121.36453
竹林山觀音寺,25.08452,121.38983
捷運中和站,25.00221,121.49587
捷運秀朗橋站,24.99039,121.52549
板橋中山公園,25.02336,121.47109
民有公園,25.00868,121.47475
仁愛街112巷,25.07486,121.49488
華新街109巷11弄,24.97996,121.50873
中興橋(環河南路254巷口),25.05052,121.49138
新林國小,25.07016,121.35995
康福公園,25.06894,121.63748
中信國小,25.05572,121.44957
捷運板新站,25.01409,121.47124
三抱竹,24.99864,121.44139
慈愛公園,25.08119,121.48461
頂埔市場,24.95819,121.41508
樹林藝文綜合行政大樓,24.99546,121.4291
台北花園廣場社區,25.06414,121.426
民權社區活動中心,24.99778,121.51968
捷運新埔站(5號出口),25.02402,121.46828
捷運橋和站,25.00559,121.48921
國中二甲路口,24.9395,121.33867
芳洲八路,25.0888,121.44637
後竹圍市民活動中心,25.07246,121.48576
林口國民運動中心,25.08601,121.38093
中央路一段292巷口,24.98265,121.44368
鳳福公園,24.97572,121.32938
林口新創園,25.07583,121.37609
漳和國中,25.00241,121.505
遠東動力企業總部,25.03113,121.42999
清水社區公園,24.984,121.46289
國立師範大學林口校區(測試站),25.06804,121.39795
斬龍山遺址文化公園,24.97657,121.44775
三重商工(後竹圍街),25.07031,121.47976
浮洲合宜住宅(合宜合安一路口),24.99849,121.44863
中正福海街口,25.03459,121.44489
德光莒光路口,25.00459,121.47134
成泰路4段22巷,25.10826,121.45596
俊興三龍街口,25.01704,121.41821
捷運景安站,24.99352,121.50472
林口婦幼公園,25.07231,121.37752
金城裕民路口(金城舞社區),24.98156,121.45466
湖南市民活動中心,25.08423,121.37428
埤墘公園,25.02332,121.47422
捷運新埔民生站,25.025979,121.466567
文化路二段182巷1弄,25.029258,121.472405
林建生紀念圖書館,25.088434,121.469879
三峽國中,24.938882,121.369399
宏匯廣場,25.059319,121.449083
八里行政中心,25.153974,121.407211
疏洪東竹圍仔街口,25.048614,121.486398
新泰路255巷口,25.039314,121.442696
中華城林路口,24.974993,121.438631
中山八德街口,24.985156,121.417765
凌雲路一段158巷口,25.10352,121.4481
中央慶利街口(風華綠中央社區),24.97338,121.44052
瓊林公園,25.02629,121.44245
宏匯思源廣場,25.05748,121.45905
三峽國光青年社會住宅,24.93743,121.37686
藝文藝文二街口(大悅社區),25.02179,121.45137
四維國凱街口(立天下社區),24.97932,121.42241
頂崁公園,25.05493,121.4756
龍米停車場,25.15678,121.43604
雙和醫院,24.99367,121.49411
捷運三重站(1號出口),25.05464,121.48322
捷運徐匯中學站(1號出口),25.080468,121.479852
捷運三民高中站(2號出口),25.08584,121.47374
